Service,Resource Count,Total Attributes,Resource Name,Attribute Count
API_Gateway,6,47,api_gateway_api,5
,,,api_gateway_api_config,19
,,,api_gateway_api_config_iam,6
,,,api_gateway_api_iam,5
,,,api_gateway_gateway,6
,,,api_gateway_gateway_iam,6

API_Hub,5,88,apihub_api_hub_instance,9
,,,apihub_curation,8
,,,apihub_host_project_registration,4
,,,apihub_plugin,30
,,,apihub_plugin_instance,37

Access_Approval,3,16,folder_access_approval_settings,5
,,,organization_access_approval_settings,5
,,,project_access_approval_settings,6

Access_Context_Manager_(VPC_Service_Controls),18,319,access_context_manager_access_level,30
,,,access_context_manager_access_level_condition,17
,,,access_context_manager_access_levels,31
,,,access_context_manager_access_policy,3
,,,access_context_manager_access_policy_iam,4
,,,access_context_manager_authorized_orgs_desc,6
,,,access_context_manager_egress_policy,2
,,,access_context_manager_gcp_user_access_binding,18
,,,access_context_manager_ingress_policy,2
,,,access_context_manager_service_perimeter,46
,,,access_context_manager_service_perimeter.template,46
,,,access_context_manager_service_perimeter_dry_run_egress_policy,16
,,,access_context_manager_service_perimeter_dry_run_ingress_policy,14
,,,access_context_manager_service_perimeter_dry_run_resource,2
,,,access_context_manager_service_perimeter_egress_policy,16
,,,access_context_manager_service_perimeter_ingress_policy,14
,,,access_context_manager_service_perimeter_resource,2
,,,access_context_manager_service_perimeters,50

AlloyDB,4,109,alloydb_backup,10
,,,alloydb_cluster,49
,,,alloydb_instance,45
,,,alloydb_user,5

Anthos_On-Prem,6,315,gkeonprem_bare_metal_admin_cluster,46
,,,gkeonprem_bare_metal_cluster,77
,,,gkeonprem_bare_metal_node_pool,15
,,,gkeonprem_vmware_admin_cluster,76
,,,gkeonprem_vmware_cluster,75
,,,gkeonprem_vmware_node_pool,26

Apigee,4,26,apigee_addons_config,6
,,,apigee_api,3
,,,apigee_api_product,11
,,,apigee_dns_zone,6

Apikeys,1,8,apikeys_key,8

App_Engine,8,196,app_engine_application,11
,,,app_engine_application_url_dispatch_rules,4
,,,app_engine_domain_mapping,6
,,,app_engine_firewall_rule,5
,,,app_engine_flexible_app_version,109
,,,app_engine_service_network_settings,3
,,,app_engine_service_split_traffic,5
,,,app_engine_standard_app_version,53

App_Hub,4,62,apphub_application,19
,,,apphub_service,20
,,,apphub_service_project_attachment,3
,,,apphub_workload,20

Application_Integration,2,58,integrations_auth_config,49
,,,integrations_client,9

Artifact_Registry,3,67,artifact_registry_repository,58
,,,artifact_registry_repository_iam,6
,,,artifact_registry_vpcsc_config,3

AssuredWorkloads,1,20,assured_workloads_workload,20

Backup_and_DR_Service,5,40,backup_dr_backup_plan,10
,,,backup_dr_backup_plan_association,6
,,,backup_dr_backup_vault,15
,,,backup_dr_management_server,6
,,,backup_dr_service_config,3

Backup_for_GKE,6,117,gke_backup_backup_channel,6
,,,gke_backup_backup_plan,40
,,,gke_backup_backup_plan_iam,6
,,,gke_backup_restore_channel,6
,,,gke_backup_restore_plan,53
,,,gke_backup_restore_plan_iam,6

BeyondCorp,9,78,beyondcorp_app_connection,13
,,,beyondcorp_app_connector,6
,,,beyondcorp_app_gateway,7
,,,beyondcorp_application,10
,,,beyondcorp_application_iam,9
,,,beyondcorp_security_gateway,7
,,,beyondcorp_security_gateway_application,8
,,,beyondcorp_security_gateway_application_iam,9
,,,beyondcorp_security_gateway_iam,9

BigQuery,8,309,bigquery_dataset,43
,,,bigquery_dataset_access,22
,,,bigquery_dataset_iam,5
,,,bigquery_job,83
,,,bigquery_routine,31
,,,bigquery_row_access_policy,6
,,,bigquery_table,113
,,,bigquery_table_iam,6

BigQuery_Analytics_Hub,6,79,bigquery_analytics_hub_data_exchange,12
,,,bigquery_analytics_hub_data_exchange_iam,6
,,,bigquery_analytics_hub_data_exchange_subscription,15
,,,bigquery_analytics_hub_listing,28
,,,bigquery_analytics_hub_listing_iam,7
,,,bigquery_analytics_hub_listing_subscription,11

BigQuery_Connection,2,41,bigquery_connection,35
,,,bigquery_connection_iam,6

BigQuery_Data_Policy,2,13,bigquery_datapolicy_data_policy,7
,,,bigquery_datapolicy_data_policy_iam,6

BigQuery_Data_Transfer,1,17,bigquery_data_transfer_config,17

BigQuery_Reservation,4,29,bigquery_bi_reservation,6
,,,bigquery_capacity_commitment,8
,,,bigquery_reservation,10
,,,bigquery_reservation_assignment,5

Biglake,3,12,biglake_catalog,3
,,,biglake_database,5
,,,biglake_table,4

Binary_Authorization,3,28,binary_authorization_attestor,12
,,,binary_authorization_attestor_iam,5
,,,binary_authorization_policy,11

Blockchain_Node_Engine,1,19,blockchain_node_engine_blockchain_nodes,19

Certificate_Authority_Service,6,302,privateca_ca_pool,71
,,,privateca_ca_pool_iam,9
,,,privateca_certificate,73
,,,privateca_certificate_authority,81
,,,privateca_certificate_template,59
,,,privateca_certificate_template_iam,9

Certificate_Manager,6,59,certificate_manager_certificate,20
,,,certificate_manager_certificate_issuance_config,10
,,,certificate_manager_certificate_map,4
,,,certificate_manager_certificate_map_entry,8
,,,certificate_manager_dns_authorization,7
,,,certificate_manager_trust_config,10

Chronicle,7,62,chronicle_data_access_label,6
,,,chronicle_data_access_scope,18
,,,chronicle_reference_list,7
,,,chronicle_retrohunt,7
,,,chronicle_rule,7
,,,chronicle_rule_deployment,8
,,,chronicle_watchlist,9

Cloud_(Stackdriver)_Logging,19,164,logging_billing_account_bucket_config,7
,,,logging_billing_account_exclusion,5
,,,logging_billing_account_sink,11
,,,logging_folder_bucket_config,7
,,,logging_folder_exclusion,5
,,,logging_folder_settings,4
,,,logging_folder_sink,13
,,,logging_linked_dataset,5
,,,logging_log_scope,5
,,,logging_log_view,6
,,,logging_log_view_iam,10
,,,logging_metric,26
,,,logging_organization_bucket_config,7
,,,logging_organization_exclusion,5
,,,logging_organization_settings,4
,,,logging_organization_sink,13
,,,logging_project_bucket_config,13
,,,logging_project_exclusion,5
,,,logging_project_sink,13

Cloud_(Stackdriver)_Monitoring,10,210,monitoring_alert_policy,84
,,,monitoring_custom_service,5
,,,monitoring_dashboard,2
,,,monitoring_group,5
,,,monitoring_metric_descriptor,13
,,,monitoring_monitored_project,2
,,,monitoring_notification_channel,11
,,,monitoring_service,6
,,,monitoring_slo,43
,,,monitoring_uptime_check_config,39

Cloud_AI_Notebooks,6,127,notebooks_environment,11
,,,notebooks_instance,39
,,,notebooks_instance_iam,6
,,,notebooks_location,2
,,,notebooks_runtime,63
,,,notebooks_runtime_iam,6

Cloud_Asset_Inventory,3,36,cloud_asset_folder_feed,12
,,,cloud_asset_organization_feed,12
,,,cloud_asset_project_feed,12

Cloud_Bigtable,10,96,bigtable_app_profile,10
,,,bigtable_authorized_view,12
,,,bigtable_gc_policy,13
,,,bigtable_instance,21
,,,bigtable_instance_iam,8
,,,bigtable_logical_view,5
,,,bigtable_materialized_view,5
,,,bigtable_schema_bundle,6
,,,bigtable_table,10
,,,bigtable_table_iam,6

Cloud_Billing,3,38,billing_account_iam,4
,,,billing_budget,32
,,,billing_project_info,2

Cloud_Build,3,157,cloudbuild_bitbucket_server_config,13
,,,cloudbuild_trigger,136
,,,cloudbuild_worker_pool,8

Cloud_Build_v2,3,51,cloudbuildv2_connection,39
,,,cloudbuildv2_connection_iam,6
,,,cloudbuildv2_repository,6

Cloud_Composer,3,67,composer_environment,57
,,,composer_user_workloads_config_map,5
,,,composer_user_workloads_secret,5

Cloud_DNS,6,90,dns_managed_zone,29
,,,dns_managed_zone_iam,5
,,,dns_policy,11
,,,dns_record_set,30
,,,dns_response_policy,5
,,,dns_response_policy_rule,10

Cloud_Data_Fusion,2,34,data_fusion_instance,28
,,,data_fusion_instance_iam,6

Cloud_Deploy,8,205,clouddeploy_automation,39
,,,clouddeploy_custom_target_type,21
,,,clouddeploy_custom_target_type_iam,6
,,,clouddeploy_delivery_pipeline,56
,,,clouddeploy_delivery_pipeline_iam,6
,,,clouddeploy_deploy_policy,42
,,,clouddeploy_target,29
,,,clouddeploy_target_iam,6

Cloud_Deployment_Manager,1,13,deployment_manager_deployment,13

Cloud_Domains,1,45,clouddomains_registration,45

Cloud_Endpoints,3,9,endpoints_service,0
,,,endpoints_service_consumers_iam,5
,,,endpoints_service_iam,4

Cloud_Functions,2,49,cloudfunctions_function,43
,,,cloudfunctions_function_iam,6

Cloud_Functions_(2nd_gen),2,73,cloudfunctions2_function,67
,,,cloudfunctions2_function_iam,6

Cloud_Healthcare,12,98,healthcare_consent_store,5
,,,healthcare_consent_store_iam,5
,,,healthcare_dataset,5
,,,healthcare_dataset_iam,4
,,,healthcare_dicom_store,7
,,,healthcare_dicom_store_iam,4
,,,healthcare_fhir_store,24
,,,healthcare_fhir_store_iam,4
,,,healthcare_hl7_v2_store,11
,,,healthcare_hl7_v2_store_iam,4
,,,healthcare_pipeline_job,21
,,,healthcare_workspace,4

Cloud_IAM,17,191,iam_access_boundary_policy,12
,,,iam_deny_policy,14
,,,iam_folders_policy_binding,12
,,,iam_oauth_client,10
,,,iam_oauth_client_credential,6
,,,iam_organizations_policy_binding,12
,,,iam_principal_access_boundary_policy,10
,,,iam_projects_policy_binding,12
,,,iam_workforce_pool,10
,,,iam_workforce_pool_iam,5
,,,iam_workforce_pool_provider,26
,,,iam_workforce_pool_provider_key,10
,,,iam_workload_identity_pool,14
,,,iam_workload_identity_pool_iam,8
,,,iam_workload_identity_pool_managed_identity,7
,,,iam_workload_identity_pool_namespace,5
,,,iam_workload_identity_pool_provider,18

Cloud_Identity,2,16,cloud_identity_group,7
,,,cloud_identity_group_membership,9

Cloud_Intrusion_Detection_Service,1,7,cloud_ids_endpoint,7

Cloud_Key_Management_Service,11,74,google_kms_crypto_key_iam,7
,,,google_kms_key_ring_iam,7
,,,kms_autokey_config,2
,,,kms_crypto_key,12
,,,kms_crypto_key_version,4
,,,kms_ekm_connection,19
,,,kms_ekm_connection_iam,9
,,,kms_key_handle,4
,,,kms_key_ring,3
,,,kms_key_ring_import_job,4
,,,kms_secret_ciphertext,3

Cloud_Platform,19,117,folder_service_identity,2
,,,google_billing_subaccount,0
,,,google_folder,4
,,,google_folder_iam,10
,,,google_folder_organization_policy,9
,,,google_organization_iam,10
,,,google_organization_iam_custom_role,6
,,,google_organization_policy,9
,,,google_project,11
,,,google_project_default_service_accounts,3
,,,google_project_iam,10
,,,google_project_iam_custom_role,5
,,,google_project_iam_member_remove,3
,,,google_project_organization_policy,9
,,,google_project_service,5
,,,google_service_account,6
,,,google_service_account_iam,7
,,,google_service_account_key,6
,,,project_service_identity,2

Cloud_Quotas,2,16,cloud_quotas_quota_adjuster_settings,2
,,,cloud_quotas_quota_preference,14

Cloud_Run,3,124,cloud_run_domain_mapping,16
,,,cloud_run_service,102
,,,cloud_run_service_iam,6

Cloud_Run_(v2_API),6,321,cloud_run_v2_job,94
,,,cloud_run_v2_job_iam,6
,,,cloud_run_v2_service,131
,,,cloud_run_v2_service_iam,6
,,,cloud_run_v2_worker_pool,78
,,,cloud_run_v2_worker_pool_iam,6

Cloud_SQL,5,137,sql_database,6
,,,sql_database_instance,101
,,,sql_source_representation_instance,12
,,,sql_ssl_cert,3
,,,sql_user,15

Cloud_Scheduler,1,34,cloud_scheduler_job,34

Cloud_Security_Scanner,1,17,security_scanner_scan_config,17

Cloud_Source_Repositories,2,11,sourcerepo_repository,6
,,,sourcerepo_repository_iam,5

Cloud_Spanner,7,76,spanner_backup_schedule,12
,,,spanner_database,11
,,,spanner_database_iam,9
,,,spanner_instance,24
,,,spanner_instance_config,8
,,,spanner_instance_iam,5
,,,spanner_instance_partition,7

Cloud_Storage,15,132,storage_anywhere_cache,4
,,,storage_bucket,58
,,,storage_bucket_access_control,3
,,,storage_bucket_acl,4
,,,storage_bucket_iam,4
,,,storage_bucket_object,22
,,,storage_default_object_access_control,4
,,,storage_default_object_acl,2
,,,storage_folder,3
,,,storage_hmac_key,3
,,,storage_managed_folder,3
,,,storage_managed_folder_iam,8
,,,storage_notification,6
,,,storage_object_access_control,4
,,,storage_object_acl,4

Cloud_Storage_Batch_Operations,2,34,google_storage_batch_operations_job,14
,,,storage_batch_operations_job,20

Cloud_Storage_Control,3,30,storage_control_folder_intelligence_config,10
,,,storage_control_organization_intelligence_config,10
,,,storage_control_project_intelligence_config,10

Cloud_Storage_Insights,2,41,storage_insights_dataset_config,19
,,,storage_insights_report_config,22

Cloud_Storage_for_Firebase,1,2,firebase_storage_bucket,2

Cloud_TPU,1,11,tpu_node,11

Cloud_TPU_v2,2,46,tpu_v2_queued_resource,16
,,,tpu_v2_vm,30

Cloud_Tasks,2,42,cloud_tasks_queue,36
,,,cloud_tasks_queue_iam,6

Cloud_VMware_Engine,8,102,vmwareengine_cluster,21
,,,vmwareengine_external_access_rule,12
,,,vmwareengine_external_address,4
,,,vmwareengine_network,5
,,,vmwareengine_network_peering,10
,,,vmwareengine_network_policy,10
,,,vmwareengine_private_cloud,37
,,,vmwareengine_subnet,3

Cloud_Workstations,5,102,workstations_workstation,10
,,,workstations_workstation_cluster,14
,,,workstations_workstation_config,63
,,,workstations_workstation_config_iam,7
,,,workstations_workstation_iam,8

Colab_Enterprise,5,78,colab_notebook_execution,14
,,,colab_runtime,9
,,,colab_runtime_template,26
,,,colab_runtime_template_iam,6
,,,colab_schedule,23

Compute_Engine,142,2868,compute_address,14
,,,compute_attached_disk,7
,,,compute_autoscaler,38
,,,compute_backend_bucket,25
,,,compute_backend_bucket_iam,5
,,,compute_backend_bucket_signed_url_key,4
,,,compute_backend_service,125
,,,compute_backend_service_iam,8
,,,compute_backend_service_signed_url_key,4
,,,compute_cross_site_network,3
,,,compute_disk,41
,,,compute_disk_async_replication,4
,,,compute_disk_iam,6
,,,compute_disk_resource_policy_attachment,4
,,,compute_external_vpn_gateway,8
,,,compute_firewall,20
,,,compute_firewall_policy,3
,,,compute_firewall_policy_association,3
,,,compute_firewall_policy_rule,32
,,,compute_firewall_policy_with_rules,37
,,,compute_forwarding_rule,27
,,,compute_future_reservation,47
,,,compute_global_address,10
,,,compute_global_forwarding_rule,26
,,,compute_global_network_endpoint,5
,,,compute_global_network_endpoint_group,5
,,,compute_ha_vpn_gateway,11
,,,compute_health_check,49
,,,compute_http_health_check,10
,,,compute_https_health_check,10
,,,compute_image,43
,,,compute_image_iam,8
,,,compute_instance,118
,,,compute_instance_from_machine_image,3
,,,compute_instance_from_template,3
,,,compute_instance_group,8
,,,compute_instance_group_manager,44
,,,compute_instance_group_membership,4
,,,compute_instance_group_named_port,5
,,,compute_instance_iam,9
,,,compute_instance_settings,3
,,,compute_instance_template,100
,,,compute_instance_template_iam,8
,,,compute_instant_snapshot,6
,,,compute_instant_snapshot_iam,9
,,,compute_interconnect,29
,,,compute_interconnect_attachment,22
,,,compute_interconnect_attachment_group,7
,,,compute_interconnect_group,6
,,,compute_machine_image,9
,,,compute_machine_image_iam,8
,,,compute_managed_ssl_certificate,5
,,,compute_network,15
,,,compute_network_attachment,8
,,,compute_network_edge_security_service,5
,,,compute_network_endpoint,6
,,,compute_network_endpoint_group,8
,,,compute_network_endpoints,6
,,,compute_network_firewall_policy,4
,,,compute_network_firewall_policy_association,4
,,,compute_network_firewall_policy_packet_mirroring_rule,17
,,,compute_network_firewall_policy_rule,33
,,,compute_network_firewall_policy_with_rules,37
,,,compute_network_peering,9
,,,compute_network_peering_routes_config,7
,,,compute_node_group,16
,,,compute_node_template,16
,,,compute_organization_security_policy,4
,,,compute_organization_security_policy_association,3
,,,compute_organization_security_policy_rule,17
,,,compute_packet_mirroring,15
,,,compute_per_instance_config,23
,,,compute_preview_feature,5
,,,compute_project_cloud_armor_tier,2
,,,compute_project_default_network_tier,2
,,,compute_project_metadata,2
,,,compute_project_metadata_item,3
,,,compute_public_advertised_prefix,6
,,,compute_public_delegated_prefix,9
,,,compute_region_autoscaler,38
,,,compute_region_backend_service,103
,,,compute_region_backend_service_iam,9
,,,compute_region_commitment,15
,,,compute_region_disk,27
,,,compute_region_disk_iam,6
,,,compute_region_disk_resource_policy_attachment,4
,,,compute_region_health_check,49
,,,compute_region_instance_group_manager,50
,,,compute_region_instance_template,97
,,,compute_region_network_endpoint,8
,,,compute_region_network_endpoint_group,21
,,,compute_region_network_firewall_policy,5
,,,compute_region_network_firewall_policy_association,5
,,,compute_region_network_firewall_policy_rule,34
,,,compute_region_network_firewall_policy_with_rules,38
,,,compute_region_per_instance_config,23
,,,compute_region_resize_request,8
,,,compute_region_security_policy,62
,,,compute_region_security_policy_rule,51
,,,compute_region_ssl_certificate,7
,,,compute_region_ssl_policy,7
,,,compute_region_target_http_proxy,6
,,,compute_region_target_https_proxy,10
,,,compute_region_target_tcp_proxy,7
,,,compute_region_url_map,125
,,,compute_reservation,28
,,,compute_resize_request,8
,,,compute_resource_policy,40
,,,compute_resource_policy_attachment,4
,,,compute_route,14
,,,compute_router,17
,,,compute_router_interface,11
,,,compute_router_nat,36
,,,compute_router_nat_address,6
,,,compute_router_peer,33
,,,compute_router_route_policy,16
,,,compute_security_policy,93
,,,compute_security_policy_rule,52
,,,compute_service_attachment,16
,,,compute_shared_vpc_host_project,1
,,,compute_shared_vpc_service_project,3
,,,compute_snapshot,17
,,,compute_snapshot_iam,5
,,,compute_snapshot_settings,5
,,,compute_ssl_certificate,6
,,,compute_ssl_policy,6
,,,compute_storage_pool,12
,,,compute_storage_pool_iam,9
,,,compute_subnetwork,27
,,,compute_subnetwork_iam,9
,,,compute_target_grpc_proxy,5
,,,compute_target_http_proxy,6
,,,compute_target_https_proxy,13
,,,compute_target_instance,8
,,,compute_target_pool,10
,,,compute_target_ssl_proxy,8
,,,compute_target_tcp_proxy,6
,,,compute_url_map,149
,,,compute_vpn_gateway,5
,,,compute_vpn_tunnel,26
,,,compute_wire_group,13
,,,project_usage_export_bucket,0

Contact_Center_AI_Insights,2,27,contact_center_insights_analysis_rule,23
,,,contact_center_insights_view,4

ContainerAttached,1,23,container_attached_cluster,23

ContainerAws,2,104,container_aws_cluster,53
,,,container_aws_node_pool,51

ContainerAzure,3,70,container_azure_client,5
,,,container_azure_cluster,41
,,,container_azure_node_pool,24

Container_Registry,4,25,container_analysis_note,10
,,,container_analysis_note_iam,5
,,,container_analysis_occurrence,8
,,,container_registry,2

DataPipeline,1,51,data_pipeline_pipeline,51

Data_Catalog,10,76,data_catalog_entry,13
,,,data_catalog_entry_group,5
,,,data_catalog_entry_group_iam,6
,,,data_catalog_policy_tag,4
,,,data_catalog_policy_tag_iam,4
,,,data_catalog_tag,11
,,,data_catalog_tag_template,16
,,,data_catalog_tag_template_iam,6
,,,data_catalog_taxonomy,5
,,,data_catalog_taxonomy_iam,6

Data_Loss_Prevention,5,468,data_loss_prevention_deidentify_template,156
,,,data_loss_prevention_discovery_config,97
,,,data_loss_prevention_inspect_template,60
,,,data_loss_prevention_job_trigger,134
,,,data_loss_prevention_stored_info_type,21

DatabaseMigrationService,3,113,database_migration_service_connection_profile,85
,,,database_migration_service_migration_job,20
,,,database_migration_service_private_connection,8

Dataflow,2,49,dataflow_flex_template_job,27
,,,dataflow_job,22

Dataform,4,56,dataform_repository,19
,,,dataform_repository_iam,6
,,,dataform_repository_release_config,15
,,,dataform_repository_workflow_config,16

Dataplex,21,302,dataplex_aspect_type,7
,,,dataplex_aspect_type_iam,6
,,,dataplex_asset,23
,,,dataplex_asset_iam,8
,,,dataplex_datascan,81
,,,dataplex_datascan_iam,6
,,,dataplex_entry,26
,,,dataplex_entry_group,6
,,,dataplex_entry_group_iam,6
,,,dataplex_entry_type,10
,,,dataplex_entry_type_iam,6
,,,dataplex_glossary,6
,,,dataplex_glossary_category,8
,,,dataplex_glossary_iam,6
,,,dataplex_glossary_term,8
,,,dataplex_lake,7
,,,dataplex_lake_iam,6
,,,dataplex_task,41
,,,dataplex_task_iam,7
,,,dataplex_zone,21
,,,dataplex_zone_iam,7

Dataproc,9,420,dataproc_autoscaling_policy,16
,,,dataproc_autoscaling_policy_iam,6
,,,dataproc_batch,44
,,,dataproc_cluster,94
,,,dataproc_cluster_iam,6
,,,dataproc_job,47
,,,dataproc_job_iam,6
,,,dataproc_session_template,25
,,,dataproc_workflow_template,176

Dataproc_Metastore,6,80,dataproc_metastore_database_iam,7
,,,dataproc_metastore_federation,9
,,,dataproc_metastore_federation_iam,6
,,,dataproc_metastore_service,44
,,,dataproc_metastore_service_iam,6
,,,dataproc_metastore_table_iam,8

Dataproc_on_GDC,3,51,dataproc_gdc_application_environment,10
,,,dataproc_gdc_service_instance,8
,,,dataproc_gdc_spark_application,33

Datastream,3,204,datastream_connection_profile,57
,,,datastream_private_connection,9
,,,datastream_stream,138

Developer_Connect,4,76,developer_connect_account_connector,7
,,,developer_connect_connection,49
,,,developer_connect_git_repository_link,8
,,,developer_connect_insights_config,12

Dialogflow,5,41,dialogflow_agent,12
,,,dialogflow_encryption_spec,3
,,,dialogflow_entity_type,6
,,,dialogflow_fulfillment,8
,,,dialogflow_intent,12

Dialogflow_CX,13,392,dialogflow_cx_agent,36
,,,dialogflow_cx_entity_type,10
,,,dialogflow_cx_environment,4
,,,dialogflow_cx_flow,81
,,,dialogflow_cx_generative_settings,19
,,,dialogflow_cx_generator,12
,,,dialogflow_cx_intent,18
,,,dialogflow_cx_page,102
,,,dialogflow_cx_security_settings,15
,,,dialogflow_cx_test_case,30
,,,dialogflow_cx_tool,35
,,,dialogflow_cx_version,3
,,,dialogflow_cx_webhook,27

Discovery_Engine,12,134,discovery_engine_chat_engine,15
,,,discovery_engine_cmek_config,6
,,,discovery_engine_control,8
,,,discovery_engine_data_connector,8
,,,discovery_engine_data_store,33
,,,discovery_engine_engine_assistant,10
,,,discovery_engine_license_config,11
,,,discovery_engine_recommendation_engine,18
,,,discovery_engine_schema,5
,,,discovery_engine_search_engine,10
,,,discovery_engine_sitemap,4
,,,discovery_engine_target_site,6

Distributed_Cloud_Edge_Network,3,27,edgenetwork_interconnect_attachment,10
,,,edgenetwork_network,7
,,,edgenetwork_subnet,10

Document_AI,2,7,document_ai_processor,5
,,,document_ai_processor_default_version,2

Document_AI_Warehouse,2,32,document_ai_warehouse_document_schema,26
,,,document_ai_warehouse_location,6

Essential_Contacts,1,4,essential_contacts_contact,4

Eventarc,7,101,eventarc_channel,5
,,,eventarc_enrollment,9
,,,eventarc_google_api_source,9
,,,eventarc_google_channel_config,4
,,,eventarc_message_bus,8
,,,eventarc_pipeline,37
,,,eventarc_trigger,29

Filestore,3,55,filestore_backup,8
,,,filestore_instance,41
,,,filestore_snapshot,6

Firebase,4,19,firebase_android_app,7
,,,firebase_apple_app,7
,,,firebase_project,1
,,,firebase_web_app,4

Firebase_App_Check,7,26,firebase_app_check_app_attest_config,3
,,,firebase_app_check_debug_token,4
,,,firebase_app_check_device_check_config,5
,,,firebase_app_check_play_integrity_config,3
,,,firebase_app_check_recaptcha_enterprise_config,4
,,,firebase_app_check_recaptcha_v3_config,4
,,,firebase_app_check_service_config,3

Firebase_App_Hosting,5,53,firebase_app_hosting_backend,12
,,,firebase_app_hosting_build,20
,,,firebase_app_hosting_default_domain,5
,,,firebase_app_hosting_domain,7
,,,firebase_app_hosting_traffic,9

Firebase_Data_Connect,1,7,firebase_data_connect_service,7

Firebase_Extensions,1,11,firebase_extensions_instance,11

Firebase_Hosting,5,38,firebase_hosting_channel,6
,,,firebase_hosting_custom_domain,6
,,,firebase_hosting_release,5
,,,firebase_hosting_site,3
,,,firebase_hosting_version,18

Firebase_Realtime_Database,1,5,firebase_database_instance,5

Firebaserules,2,9,firebaserules_release,3
,,,firebaserules_ruleset,6

Firestore,5,45,firestore_backup_schedule,5
,,,firestore_database,13
,,,firestore_document,5
,,,firestore_field,9
,,,firestore_index,13

GKEHub,12,229,gke_hub_feature,83
,,,gke_hub_feature_iam,6
,,,gke_hub_feature_membership,82
,,,gke_hub_fleet,9
,,,gke_hub_membership,8
,,,gke_hub_membership_binding,6
,,,gke_hub_membership_iam,6
,,,gke_hub_membership_rbac_role_binding,6
,,,gke_hub_namespace,6
,,,gke_hub_scope,4
,,,gke_hub_scope_iam,5
,,,gke_hub_scope_rbac_role_binding,8

Gemini_for_Google_Cloud,13,90,gemini_code_repository_index,6
,,,gemini_code_tools_setting,11
,,,gemini_code_tools_setting_binding,7
,,,gemini_data_sharing_with_google_setting,6
,,,gemini_data_sharing_with_google_setting_binding,7
,,,gemini_gemini_gcp_enablement_setting,7
,,,gemini_gemini_gcp_enablement_setting_binding,7
,,,gemini_logging_setting,6
,,,gemini_logging_setting_binding,7
,,,gemini_release_channel_setting,5
,,,gemini_release_channel_setting_binding,7
,,,gemini_repository_group,7
,,,gemini_repository_group_iam,7

Google_Cloud_Managed_Lustre,1,10,lustre_instance,10

Google_Cloud_NetApp_Volumes,10,172,netapp_active_directory,21
,,,netapp_backup,8
,,,netapp_backup_policy,9
,,,netapp_backup_vault,12
,,,netapp_kmsconfig,6
,,,netapp_storage_pool,19
,,,netapp_volume,64
,,,netapp_volume_quota_rule,9
,,,netapp_volume_replication,18
,,,netapp_volume_snapshot,6

Google_Distributed_Cloud_Edge,3,60,edgecontainer_cluster,38
,,,edgecontainer_node_pool,12
,,,edgecontainer_vpn_connection,10

Identity-Aware_Proxy,15,136,iap_app_engine_service_iam,9
,,,iap_app_engine_version_iam,10
,,,iap_brand,3
,,,iap_client,2
,,,iap_settings,34
,,,iap_tunnel_dest_group,5
,,,iap_tunnel_dest_group_iam,9
,,,iap_tunnel_iam,7
,,,iap_tunnel_instance_iam,9
,,,iap_web_backend_service_iam,8
,,,iap_web_cloud_run_service_iam,9
,,,iap_web_iam,7
,,,iap_web_region_backend_service_iam,9
,,,iap_web_type_app_engine_iam,8
,,,iap_web_type_compute_iam,7

Identity_Platform,8,112,identity_platform_config,49
,,,identity_platform_default_supported_idp_config,5
,,,identity_platform_inbound_saml_config,13
,,,identity_platform_oauth_idp_config,9
,,,identity_platform_tenant,8
,,,identity_platform_tenant_default_supported_idp_config,6
,,,identity_platform_tenant_inbound_saml_config,14
,,,identity_platform_tenant_oauth_idp_config,8

Integration_Connectors,3,100,integration_connectors_connection,86
,,,integration_connectors_endpoint_attachment,7
,,,integration_connectors_managed_zone,7

Kubernetes_(Container)_Engine,2,277,container_cluster,231
,,,container_node_pool,46

ML_Engine,1,8,ml_engine_model,8

Managed_Kafka,5,41,managed_kafka_acl,8
,,,managed_kafka_cluster,7
,,,managed_kafka_connect_cluster,12
,,,managed_kafka_connector,7
,,,managed_kafka_topic,7

Managed_Microsoft_Active_Directory,3,23,active_directory_domain,8
,,,active_directory_domain_trust,8
,,,active_directory_peering,7

Memcache,1,18,memcache_instance,18

Memorystore,2,64,memorystore_instance,51
,,,memorystore_instance_desired_user_created_endpoints,13

Memorystore_(Redis),3,96,redis_cluster,47
,,,redis_cluster_user_created_connections,13
,,,redis_instance,36

Migration_Center,2,32,migration_center_group,6
,,,migration_center_preference_set,26

Model_Armor,2,53,model_armor_floorsetting,24
,,,model_armor_template,29

Network_Connectivity,7,91,network_connectivity_group,6
,,,network_connectivity_hub,7
,,,network_connectivity_internal_range,17
,,,network_connectivity_policy_based_route,14
,,,network_connectivity_regional_endpoint,10
,,,network_connectivity_service_connection_policy,11
,,,network_connectivity_spoke,26

Network_Management,2,46,network_management_connectivity_test,33
,,,network_management_vpc_flow_logs_config,13

Network_Security,23,248,network_security_address_group,9
,,,network_security_address_group_iam,6
,,,network_security_authorization_policy,16
,,,network_security_authz_policy,62
,,,network_security_backend_authentication_config,8
,,,network_security_client_tls_policy,12
,,,network_security_firewall_endpoint,5
,,,network_security_firewall_endpoint_association,8
,,,network_security_gateway_security_policy,5
,,,network_security_gateway_security_policy_rule,11
,,,network_security_intercept_deployment,7
,,,network_security_intercept_deployment_group,6
,,,network_security_intercept_endpoint_group,6
,,,network_security_intercept_endpoint_group_association,6
,,,network_security_mirroring_deployment,7
,,,network_security_mirroring_deployment_group,6
,,,network_security_mirroring_endpoint_group,6
,,,network_security_mirroring_endpoint_group_association,6
,,,network_security_security_profile,18
,,,network_security_security_profile_group,8
,,,network_security_server_tls_policy,15
,,,network_security_tls_inspection_policy,10
,,,network_security_url_lists,5

Network_Services,15,371,network_services_authz_extension,13
,,,network_services_edge_cache_keyset,8
,,,network_services_edge_cache_origin,26
,,,network_services_edge_cache_service,102
,,,network_services_endpoint_policy,14
,,,network_services_gateway,18
,,,network_services_grpc_route,32
,,,network_services_http_route,76
,,,network_services_lb_route_extension,17
,,,network_services_lb_traffic_extension,19
,,,network_services_mesh,6
,,,network_services_service_binding,5
,,,network_services_service_lb_policies,8
,,,network_services_tcp_route,15
,,,network_services_tls_route,12

OS_Config,3,257,os_config_guest_policies,83
,,,os_config_os_policy_assignment,98
,,,os_config_patch_deployment,76

OS_Config_v2,3,359,os_config_v2_policy_orchestrator,119
,,,os_config_v2_policy_orchestrator_for_folder,120
,,,os_config_v2_policy_orchestrator_for_organization,120

OS_Login,1,4,os_login_ssh_public_key,4

Oracle_Database,5,211,oracle_database_autonomous_database,104
,,,oracle_database_cloud_exadata_infrastructure,44
,,,oracle_database_cloud_vm_cluster,49
,,,oracle_database_odb_network,6
,,,oracle_database_odb_subnet,8

Organization_Policy,2,32,org_policy_custom_constraint,8
,,,org_policy_policy,24

Parallelstore,1,11,parallelstore_instance,11

Parameter_Manager,4,19,parameter_manager_parameter,5
,,,parameter_manager_parameter_version,4
,,,parameter_manager_regional_parameter,6
,,,parameter_manager_regional_parameter_version,4

Privileged_Access_Manager,1,22,privileged_access_manager_entitlement,22

Public_CA,1,2,public_ca_external_account_key,2

RecaptchaEnterprise,1,16,recaptcha_enterprise_key,16

Resource_Manager,2,7,resource_manager_capability,3
,,,resource_manager_lien,4

Runtime_Configurator,3,11,runtimeconfig_config,3
,,,runtimeconfig_config_iam,5
,,,runtimeconfig_variable,3

Secret_Manager,6,65,secret_manager_regional_secret,15
,,,secret_manager_regional_secret_iam,9
,,,secret_manager_regional_secret_version,5
,,,secret_manager_secret,20
,,,secret_manager_secret_iam,8
,,,secret_manager_secret_version,8

Secure_Source_Manager,5,45,secure_source_manager_branch_rule,12
,,,secure_source_manager_instance,11
,,,secure_source_manager_instance_iam,6
,,,secure_source_manager_repository,10
,,,secure_source_manager_repository_iam,6

Security_Command_Center_(SCC),13,75,scc_event_threat_detection_custom_module,5
,,,scc_folder_custom_module,9
,,,scc_folder_notification_config,5
,,,scc_folder_scc_big_query_export,5
,,,scc_mute_config,6
,,,scc_notification_config,5
,,,scc_organization_custom_module,9
,,,scc_organization_scc_big_query_export,5
,,,scc_project_custom_module,9
,,,scc_project_notification_config,5
,,,scc_project_scc_big_query_export,5
,,,scc_source,3
,,,scc_source_iam,4

Security_Command_Center_(SCC)_v2_API,12,69,scc_v2_folder_mute_config,6
,,,scc_v2_folder_notification_config,6
,,,scc_v2_folder_scc_big_query_export,6
,,,scc_v2_organization_mute_config,6
,,,scc_v2_organization_notification_config,6
,,,scc_v2_organization_scc_big_query_export,7
,,,scc_v2_organization_scc_big_query_exports,7
,,,scc_v2_organization_source,3
,,,scc_v2_organization_source_iam,4
,,,scc_v2_project_mute_config,6
,,,scc_v2_project_notification_config,6
,,,scc_v2_project_scc_big_query_export,6

Security_Command_Center_Management_(SCC),4,72,scc_management_folder_security_health_analytics_custom_module,22
,,,scc_management_organization_event_threat_detection_custom_module,6
,,,scc_management_organization_security_health_analytics_custom_module,22
,,,scc_management_project_security_health_analytics_custom_module,22

Security_Posture,2,71,securityposture_posture,64
,,,securityposture_posture_deployment,7

Serverless_VPC_Access,1,12,vpc_access_connector,12

Service_Directory,5,21,service_directory_endpoint,6
,,,service_directory_namespace,4
,,,service_directory_namespace_iam,4
,,,service_directory_service,3
,,,service_directory_service_iam,4

Service_Networking,3,14,google_service_networking_peered_dns_domain,5
,,,service_networking_connection,5
,,,service_networking_vpc_service_controls,4

Service_Usage,1,7,service_usage_consumer_quota_override,7

Site_Verification,2,5,site_verification_owner,2
,,,site_verification_web_resource,3

Storage_Transfer_Service,2,77,storage_transfer_agent_pool,4
,,,storage_transfer_job,73

Tags,6,21,google_tags_location_tag_binding,3
,,,tags_tag_binding,2
,,,tags_tag_key,5
,,,tags_tag_key_iam,4
,,,tags_tag_value,3
,,,tags_tag_value_iam,4

Transcoder,2,156,transcoder_job,78
,,,transcoder_job_template,78

Vertex_AI,23,304,vertex_ai_dataset,6
,,,vertex_ai_deployment_resource_pool,12
,,,vertex_ai_endpoint,18
,,,vertex_ai_endpoint_iam,6
,,,vertex_ai_endpoint_with_model_garden_deployment,87
,,,vertex_ai_feature_group,8
,,,vertex_ai_feature_group_feature,7
,,,vertex_ai_feature_group_iam,6
,,,vertex_ai_feature_online_store,16
,,,vertex_ai_feature_online_store_featureview,20
,,,vertex_ai_feature_online_store_featureview_iam,7
,,,vertex_ai_feature_online_store_iam,6
,,,vertex_ai_featurestore,11
,,,vertex_ai_featurestore_entitytype,17
,,,vertex_ai_featurestore_entitytype_feature,5
,,,vertex_ai_featurestore_entitytype_iam,5
,,,vertex_ai_featurestore_iam,6
,,,vertex_ai_index,19
,,,vertex_ai_index_endpoint,9
,,,vertex_ai_index_endpoint_deployed_index,17
,,,vertex_ai_metadata_store,5
,,,vertex_ai_rag_engine_config,5
,,,vertex_ai_tensorboard,6

Vertex_AI_Workbench,2,60,workbench_instance,54
,,,workbench_instance_iam,6

Workflows,1,14,workflows_workflow,14

